

INSERT [dbo].[tCustomers] ([CustomerPK], [CustomerID], [DTTerminalCreate], [DTTerminalLastModified], [FirstName], [MiddleName], [LastName], [LastName2], [MothersMaidenName], [DOB], [Address1], [Address2], [City], [State], [ZipCode], [Phone1], [Phone1Type], [Phone1Provider], [Phone2], [Phone2Type], [Phone2Provider], [SSN], [TaxpayerId], [DoNotCall], [SMSEnabled], [MarketingSMSEnabled], [ChannelPartnerId], [Gender], [Email], [PIN], [IsMailingAddressDifferent], [MailingAddress1], [MailingAddress2], [MailingCity], [MailingState], [MailingZipCode], [ReceiptLanguage], [ProfileStatus], [DTServerCreate], [DTServerLastModified], [CountryOfBirth], [Notes], [ClientID], [LegalCode], [PrimaryCountryCitizenShip], [SecondaryCountryCitizenShip]) VALUES (N'cea003ce-f590-4f0c-847a-0ef080385105', 1000000000000180, CAST(0x0000A46B007B4698 AS DateTime), CAST(0x0000A483009879FC AS DateTime), N'JULIA', N'', N'GRACE', N'', N'SOPHIA', CAST(0x0000722300000000 AS DateTime), N'3215 MERRYFIELD ROW', N'', N'SAN DIEGO', N'CA', N'92121', N'9789515462', N'Cell', N'Sprint', N'', N'', N'', N'953587845', NULL, 0, 0, 0, 33, NULL, N'', NULL, 0, N'3215 MERRYFIELD ROW', N'', N'SAN DIEGO', N'CA', N'92121', NULL, 1, CAST(0x0000A46B0049D658 AS DateTime), CAST(0x0000A4830135081C AS DateTime), N'US', N'', N'00000318894', N' ', N'', N'')
INSERT [dbo].[tCustomers] ([CustomerPK], [CustomerID], [DTTerminalCreate], [DTTerminalLastModified], [FirstName], [MiddleName], [LastName], [LastName2], [MothersMaidenName], [DOB], [Address1], [Address2], [City], [State], [ZipCode], [Phone1], [Phone1Type], [Phone1Provider], [Phone2], [Phone2Type], [Phone2Provider], [SSN], [TaxpayerId], [DoNotCall], [SMSEnabled], [MarketingSMSEnabled], [ChannelPartnerId], [Gender], [Email], [PIN], [IsMailingAddressDifferent], [MailingAddress1], [MailingAddress2], [MailingCity], [MailingState], [MailingZipCode], [ReceiptLanguage], [ProfileStatus], [DTServerCreate], [DTServerLastModified], [CountryOfBirth], [Notes], [ClientID], [LegalCode], [PrimaryCountryCitizenShip], [SecondaryCountryCitizenShip]) VALUES (N'1eef9f77-b308-4c3f-8151-c4e17ec2b75f', 1000000000000030, CAST(0x0000A466007D6658 AS DateTime), NULL, N'CARL', N'', N'LEWIS', N'', N'JUILET', CAST(0x0000724300000000 AS DateTime), N'3347 MICHELSON DR., STE 100', N'', N'CALIFORNIA', N'CA', N'95201', N'9876543456', N'Home', N'', N'', N'', N'', N'976567876', NULL, 0, 0, 0, 33, N'MALE', N'', NULL, 0, N'3347 MICHELSON DR., STE 100', N'', N'CALIFORNIA', N'CA', N'95201', NULL, 1, CAST(0x0000A4660119F478 AS DateTime), CAST(0x0000A46B003A9B84 AS DateTime), N'US', N'', N'00000318890', N' ', N'', N'')
INSERT [dbo].[tCustomers] ([CustomerPK], [CustomerID], [DTTerminalCreate], [DTTerminalLastModified], [FirstName], [MiddleName], [LastName], [LastName2], [MothersMaidenName], [DOB], [Address1], [Address2], [City], [State], [ZipCode], [Phone1], [Phone1Type], [Phone1Provider], [Phone2], [Phone2Type], [Phone2Provider], [SSN], [TaxpayerId], [DoNotCall], [SMSEnabled], [MarketingSMSEnabled], [ChannelPartnerId], [Gender], [Email], [PIN], [IsMailingAddressDifferent], [MailingAddress1], [MailingAddress2], [MailingCity], [MailingState], [MailingZipCode], [ReceiptLanguage], [ProfileStatus], [DTServerCreate], [DTServerLastModified], [CountryOfBirth], [Notes], [ClientID], [LegalCode], [PrimaryCountryCitizenShip], [SecondaryCountryCitizenShip]) VALUES (N'7854d6e4-8543-49a6-a51f-1859b2c57a6f', 1000000000000160, CAST(0x0000A46800435AF8 AS DateTime), NULL, N'AIDEN', N'NOAH', N'JOSHUA', N'', N'KANATH', CAST(0x0000830F00000000 AS DateTime), N'200 WEST ARBOR DRIVE', N'', N'SAN DIEGO', N'CA', N'92103', N'6995876544', N'Home', N'', N'', N'', N'', N'876545678', NULL, 0, 0, 0, 34, N'MALE', N'', NULL, 0, N'200 WEST ARBOR DRIVE', N'', N'SAN DIEGO', N'CA', N'92103', NULL, 1, CAST(0x0000A46800F063D8 AS DateTime), CAST(0x0000A46800F071E8 AS DateTime), N'US', NULL, N'111111111111', N'U', N'US', N'')
INSERT [dbo].[tCustomers] ([CustomerPK], [CustomerID], [DTTerminalCreate], [DTTerminalLastModified], [FirstName], [MiddleName], [LastName], [LastName2], [MothersMaidenName], [DOB], [Address1], [Address2], [City], [State], [ZipCode], [Phone1], [Phone1Type], [Phone1Provider], [Phone2], [Phone2Type], [Phone2Provider], [SSN], [TaxpayerId], [DoNotCall], [SMSEnabled], [MarketingSMSEnabled], [ChannelPartnerId], [Gender], [Email], [PIN], [IsMailingAddressDifferent], [MailingAddress1], [MailingAddress2], [MailingCity], [MailingState], [MailingZipCode], [ReceiptLanguage], [ProfileStatus], [DTServerCreate], [DTServerLastModified], [CountryOfBirth], [Notes], [ClientID], [LegalCode], [PrimaryCountryCitizenShip], [SecondaryCountryCitizenShip]) VALUES (N'4de60dc1-04c9-4b4f-886e-2d8d3aeca741', 1000000000000060, CAST(0x0000A466007343D0 AS DateTime), NULL, N'MICHAEL', N'', N'SCOTT', N'', N'SEINA', CAST(0x000081C100000000 AS DateTime), N'1657 RIVERSIDE DRIVE', N'', N'FRESNO', N'CA', N'12616', N'9876545678', N'Home', N'', N'', N'', N'', N'765434567', NULL, 0, 0, 0, 34, N'MALE', N'', NULL, 0, N'1657 RIVERSIDE DRIVE', N'', N'FRESNO', N'CA', N'12616', NULL, 1, CAST(0x0000A46601204CB0 AS DateTime), CAST(0x0000A46601205994 AS DateTime), N'US', NULL, N'111111111111', N'U', N'US', N'')


SET IDENTITY_INSERT [dbo].[tCustomerAccounts] ON 

INSERT [dbo].[tCustomerAccounts] ([AccountPK], [AccountID], [Type], [DTServerCreate], [DTServerLastModified], [CustomerPK], [DTTerminalCreate], [DTTerminalLastModified]) VALUES (N'9d2c9a3b-06d3-41bd-96c3-093402ced5fc', 1000020053, 6, CAST(0x0000A483012D2048 AS DateTime), NULL, N'cea003ce-f590-4f0c-847a-0ef080385105', CAST(0x0000A483012D2048 AS DateTime), NULL)
INSERT [dbo].[tCustomerAccounts] ([AccountPK], [AccountID], [Type], [DTServerCreate], [DTServerLastModified], [CustomerPK], [DTTerminalCreate], [DTTerminalLastModified]) VALUES (N'7559ac7b-b7fa-4120-9472-5dd2f2c84181', 1000030064, 3, CAST(0x0000A4A7010A45A0 AS DateTime), NULL, N'cea003ce-f590-4f0c-847a-0ef080385105', CAST(0x0000A483012D2048 AS DateTime), NULL)
INSERT [dbo].[tCustomerAccounts] ([AccountPK], [AccountID], [Type], [DTServerCreate], [DTServerLastModified], [CustomerPK], [DTTerminalCreate], [DTTerminalLastModified]) VALUES (N'7fcb317c-211c-41c1-9612-6466e3f4a101', 1000000027, 1, CAST(0x0000A46B0049D658 AS DateTime), NULL, N'cea003ce-f590-4f0c-847a-0ef080385105', CAST(0x0000A483012D2048 AS DateTime), NULL)
INSERT [dbo].[tCustomerAccounts] ([AccountPK], [AccountID], [Type], [DTServerCreate], [DTServerLastModified], [CustomerPK], [DTTerminalCreate], [DTTerminalLastModified]) VALUES (N'28d52fcb-9706-451f-9c77-7e165200e9c8', 1000000026, 2, CAST(0x0000A46B003B6AF0 AS DateTime), NULL, N'1eef9f77-b308-4c3f-8151-c4e17ec2b75f', CAST(0x0000A483012D2048 AS DateTime), NULL)
INSERT [dbo].[tCustomerAccounts] ([AccountPK], [AccountID], [Type], [DTServerCreate], [DTServerLastModified], [CustomerPK], [DTTerminalCreate], [DTTerminalLastModified]) VALUES (N'01297c60-0aa1-4fd7-805b-7e9db1bd1e5c', 1000020054, 5, CAST(0x0000A4830136008C AS DateTime), NULL, N'cea003ce-f590-4f0c-847a-0ef080385105', CAST(0x0000A483012D2048 AS DateTime), NULL)
INSERT [dbo].[tCustomerAccounts] ([AccountPK], [AccountID], [Type], [DTServerCreate], [DTServerLastModified], [CustomerPK], [DTTerminalCreate], [DTTerminalLastModified]) VALUES (N'b6e03748-f07e-47b1-be63-88a44496b6fc', 1000020055, 4, CAST(0x0000A4830138123C AS DateTime), NULL, N'cea003ce-f590-4f0c-847a-0ef080385105', CAST(0x0000A483012D2048 AS DateTime), NULL)
INSERT [dbo].[tCustomerAccounts] ([AccountPK], [AccountID], [Type], [DTServerCreate], [DTServerLastModified], [CustomerPK], [DTTerminalCreate], [DTTerminalLastModified]) VALUES (N'fbeaf27f-7250-47e2-94ab-ea1394771748', 1000000028, 2, CAST(0x0000A46B004B300C AS DateTime), NULL, N'cea003ce-f590-4f0c-847a-0ef080385105', CAST(0x0000A483012D2048 AS DateTime), NULL)

INSERT [dbo].[tCustomerAccounts] ([AccountPK], [AccountID], [Type], [DTServerCreate], [DTServerLastModified], [CustomerPK], [DTTerminalCreate], [DTTerminalLastModified]) VALUES (N'd15e1479-20f9-4e37-be81-0e0134aad946', 1000000003, 1, CAST(0x0000A4660119F478 AS DateTime), NULL, N'1eef9f77-b308-4c3f-8151-c4e17ec2b75f', CAST(0x0000A483012D2048 AS DateTime), NULL)
INSERT [dbo].[tCustomerAccounts] ([AccountPK], [AccountID], [Type], [DTServerCreate], [DTServerLastModified], [CustomerPK], [DTTerminalCreate], [DTTerminalLastModified]) VALUES (N'b223e7ea-c481-4d37-abd5-5c8050f0ffe4', 1000000006, 1, CAST(0x0000A46601204CB0 AS DateTime), NULL, N'4de60dc1-04c9-4b4f-886e-2d8d3aeca741', CAST(0x0000A483012D2048 AS DateTime), NULL)
INSERT [dbo].[tCustomerAccounts] ([AccountPK], [AccountID], [Type], [DTServerCreate], [DTServerLastModified], [CustomerPK], [DTTerminalCreate], [DTTerminalLastModified]) VALUES (N'4e46137a-e5d5-4372-84b8-b3f8e6f5c312', 1000000023, 2, CAST(0x0000A468010DE110 AS DateTime), NULL, N'7854d6e4-8543-49a6-a51f-1859b2c57a6f', CAST(0x0000A483012D2048 AS DateTime), NULL)
INSERT [dbo].[tCustomerAccounts] ([AccountPK], [AccountID], [Type], [DTServerCreate], [DTServerLastModified], [CustomerPK], [DTTerminalCreate], [DTTerminalLastModified]) VALUES (N'91314e5f-8503-40b6-be3b-c7d45415e633', 1000000024, 2, CAST(0x0000A468010ED020 AS DateTime), NULL, N'4de60dc1-04c9-4b4f-886e-2d8d3aeca741', CAST(0x0000A483012D2048 AS DateTime), NULL)
INSERT [dbo].[tCustomerAccounts] ([AccountPK], [AccountID], [Type], [DTServerCreate], [DTServerLastModified], [CustomerPK], [DTTerminalCreate], [DTTerminalLastModified]) VALUES (N'4bdaa1e4-8b5c-4456-9e2c-e0b9bd9aea6d', 1000000018, 1, CAST(0x0000A46800F063D8 AS DateTime), NULL, N'7854d6e4-8543-49a6-a51f-1859b2c57a6f', CAST(0x0000A483012D2048 AS DateTime), NULL)


SET IDENTITY_INSERT [dbo].[tCustomerAccounts] OFF

INSERT [dbo].[tCustomerEmploymentDetails] ([CustomerPK], [Occupation], [Employer], [EmployerPhone], [DTServerCreate], [DTServerLastModified], [OccupationDescription], [DTTerminalCreate], [DTTerminalLastModified]) VALUES (N'cea003ce-f590-4f0c-847a-0ef080385105', N'', N'', N'', CAST(0x0000A46B0049D658 AS DateTime), CAST(0x0000A483009879FC AS DateTime), N'', CAST(0x0000A4660119F478 AS DateTime), NULL)
INSERT [dbo].[tCustomerEmploymentDetails] ([CustomerPK], [Occupation], [Employer], [EmployerPhone], [DTServerCreate], [DTServerLastModified], [OccupationDescription], [DTTerminalCreate], [DTTerminalLastModified]) VALUES (N'1eef9f77-b308-4c3f-8151-c4e17ec2b75f', N'', N'', N'', CAST(0x0000A4660119F478 AS DateTime), NULL, N'', CAST(0x0000A4660119F478 AS DateTime), NULL)
INSERT [dbo].[tCustomerEmploymentDetails] ([CustomerPK], [Occupation], [Employer], [EmployerPhone], [DTServerCreate], [DTServerLastModified], [OccupationDescription], [DTTerminalCreate], [DTTerminalLastModified]) VALUES (N'7854d6e4-8543-49a6-a51f-1859b2c57a6f', N'17', N'', N'', CAST(0x0000A46800F063D8 AS DateTime), NULL, N'', CAST(0x0000A4660119F478 AS DateTime), NULL)

INSERT [dbo].[tCustomerEmploymentDetails] ([CustomerPK], [Occupation], [Employer], [EmployerPhone], [DTServerCreate], [DTServerLastModified], [OccupationDescription], [DTTerminalCreate], [DTTerminalLastModified]) VALUES (N'4de60dc1-04c9-4b4f-886e-2d8d3aeca741', N'28', N'', N'', CAST(0x0000A46601204CB0 AS DateTime), NULL, N'', CAST(0x0000A4660119F478 AS DateTime), NULL)
INSERT [dbo].[tCustomerGovernmentIdDetails] ([CustomerPK], [IdTypeId], [Identification], [ExpirationDate], [DTServerCreate], [DTServerLastModified], [IssueDate], [DTTerminalCreate], [DTTerminalLastModified]) VALUES (N'7854d6e4-8543-49a6-a51f-1859b2c57a6f', 110, N'K3210987', CAST(0x0000AC5000000000 AS DateTime), CAST(0x0000A46800F063D8 AS DateTime), NULL, CAST(0x0000A3C000000000 AS DateTime), CAST(0x0000A4660119F478 AS DateTime), NULL)
INSERT [dbo].[tCustomerGovernmentIdDetails] ([CustomerPK], [IdTypeId], [Identification], [ExpirationDate], [DTServerCreate], [DTServerLastModified], [IssueDate], [DTTerminalCreate], [DTTerminalLastModified]) VALUES (N'4de60dc1-04c9-4b4f-886e-2d8d3aeca741', 110, N'K3219886', CAST(0x0000B33300000000 AS DateTime), CAST(0x0000A46601204CB0 AS DateTime), NULL, CAST(0x0000A36100000000 AS DateTime), CAST(0x0000A4660119F478 AS DateTime), NULL)

INSERT [dbo].[tCustomerGovernmentIdDetails] ([CustomerPK], [IdTypeId], [Identification], [ExpirationDate], [DTServerCreate], [DTServerLastModified], [IssueDate], [DTTerminalCreate], [DTTerminalLastModified]) VALUES (N'1eef9f77-b308-4c3f-8151-c4e17ec2b75f', 110, N'K3210984', CAST(0x0000AB5500000000 AS DateTime), CAST(0x0000A4660119F478 AS DateTime), NULL, CAST(0x0000A15900000000 AS DateTime), CAST(0x0000A4660119F478 AS DateTime), NULL)
INSERT [dbo].[tCustomerGovernmentIdDetails] ([CustomerPK], [IdTypeId], [Identification], [ExpirationDate], [DTServerCreate], [DTServerLastModified], [IssueDate], [DTTerminalCreate], [DTTerminalLastModified]) VALUES (N'cea003ce-f590-4f0c-847a-0ef080385105', 110, N'K3210986', CAST(0x0000B2D400000000 AS DateTime), CAST(0x0000A46B0049D658 AS DateTime), CAST(0x0000A483009879FC AS DateTime), CAST(0x0000A3C000000000 AS DateTime), CAST(0x0000A4660119F478 AS DateTime), NULL)


