
INSERT [dbo].[tPartnerCustomers] ([CustomerPK], [CustomerID], [CXEId], [DTServerCreate], [DTServerLastModified], [IsPartnerAccountHolder], [ReferralCode], [ChannelPartnerPK], [AgentSessionPK], [CustomerProfileStatus], [DTTerminalCreate], [DTTerminalLastModified]) VALUES (N'9bea889c-5dd1-414d-8e9e-01469485bb1d', 1000000000000030, 1000000000000030, CAST(0x0000A4660119F478 AS DateTime), NULL, 0, N'', N'ec6aaae3-2ba7-4e0b-898e-d296db432c17', N'1a6252d0-fe85-48ff-86f1-2f55315a8e0a', 1, CAST(0x0000A483012D2048 AS DateTime), NULL)
INSERT [dbo].[tPartnerCustomers] ([CustomerPK], [CustomerID], [CXEId], [DTServerCreate], [DTServerLastModified], [IsPartnerAccountHolder], [ReferralCode], [ChannelPartnerPK], [AgentSessionPK], [CustomerProfileStatus], [DTTerminalCreate], [DTTerminalLastModified]) VALUES (N'c59c9e53-207e-45fd-a439-78bc89a3ab06', 1000000000000180, 1000000000000180, CAST(0x0000A46B0049D658 AS DateTime), CAST(0x0000A483009879FC AS DateTime), 0, N'', N'ec6aaae3-2ba7-4e0b-898e-d296db432c17', N'ce5cd4c6-5289-4eba-92f7-3a24dfc9e589', 1, CAST(0x0000A483012D2048 AS DateTime), NULL)

INSERT [dbo].[tPartnerCustomers] ([CustomerPK], [CustomerID], [CXEId], [DTServerCreate], [DTServerLastModified], [IsPartnerAccountHolder], [ReferralCode], [ChannelPartnerPK], [AgentSessionPK], [CustomerProfileStatus], [DTTerminalCreate], [DTTerminalLastModified]) VALUES (N'e8869d5b-5cf7-4c06-97e4-c10ad83f7ffd', 1000000000000060, 1000000000000060, CAST(0x0000A46601204CB0 AS DateTime), NULL, 0, N'', N'6d7e785f-7bdd-42c8-bc49-44536a1885fc', N'1be5d1ce-db66-4704-8df0-a9d7a7c8cf13', 1, CAST(0x0000A483012D2048 AS DateTime), NULL)

INSERT [dbo].[tPartnerCustomers] ([CustomerPK], [CustomerID], [CXEId], [DTServerCreate], [DTServerLastModified], [IsPartnerAccountHolder], [ReferralCode], [ChannelPartnerPK], [AgentSessionPK], [CustomerProfileStatus], [DTTerminalCreate], [DTTerminalLastModified]) VALUES (N'7a33579c-702c-43fd-a64b-a0918750883f', 1000000000000160, 1000000000000160, CAST(0x0000A46800F063D8 AS DateTime), NULL, 0, N'', N'6d7e785f-7bdd-42c8-bc49-44536a1885fc', N'4ea37209-7333-4f65-a083-0d7ab8c61775', 1, CAST(0x0000A483012D2048 AS DateTime), NULL)


INSERT [dbo].[tAccounts] ([AccountPK], [AccountID], [CXEId], [CXNId], [CustomerPK], [DTServerCreate], [DTServerLastModified], [ProviderId]) VALUES (N'29d6358f-ed85-4ae7-a070-7e01a189b7bc', 1000000028, 1000000028, 1000000003, N'c59c9e53-207e-45fd-a439-78bc89a3ab06', CAST(0x0000A46B004B3390 AS DateTime), NULL, 102)
INSERT [dbo].[tAccounts] ([AccountPK], [AccountID], [CXEId], [CXNId], [CustomerPK], [DTServerCreate], [DTServerLastModified], [ProviderId]) VALUES (N'3ae31c8f-0a24-4243-84ee-80426e5104b7', 1000020055, 1000020055, 1000000000, N'c59c9e53-207e-45fd-a439-78bc89a3ab06', CAST(0x0000A4830138123C AS DateTime), NULL, 401)
INSERT [dbo].[tAccounts] ([AccountPK], [AccountID], [CXEId], [CXNId], [CustomerPK], [DTServerCreate], [DTServerLastModified], [ProviderId]) VALUES (N'844a52c6-92b9-467c-a4e4-fa350ee017b5', 1000020054, 1000020054, -9223372036854775808, N'c59c9e53-207e-45fd-a439-78bc89a3ab06', CAST(0x0000A4830136008C AS DateTime), NULL, 503)
INSERT [dbo].[tAccounts] ([AccountPK], [AccountID], [CXEId], [CXNId], [CustomerPK], [DTServerCreate], [DTServerLastModified], [ProviderId]) VALUES (N'af0ba07e-5eb7-4cd3-8a85-1816f1b4503d', 1000000026, 1000000026, 1000000002, N'9bea889c-5dd1-414d-8e9e-01469485bb1d', CAST(0x0000A46B003B7450 AS DateTime), NULL, 102)
INSERT [dbo].[tAccounts] ([AccountPK], [AccountID], [CXEId], [CXNId], [CustomerPK], [DTServerCreate], [DTServerLastModified], [ProviderId]) VALUES (N'70f83fc4-c9c5-4e18-9a3c-fe08f848d163', 1000000027, 1000000027, 1000000027, N'c59c9e53-207e-45fd-a439-78bc89a3ab06', CAST(0x0000A46B0049D658 AS DateTime), NULL, 1)
INSERT [dbo].[tAccounts] ([AccountPK], [AccountID], [CXEId], [CXNId], [CustomerPK], [DTServerCreate], [DTServerLastModified], [ProviderId]) VALUES (N'29c1e541-7dd9-43c2-bd71-5f06e6597af1', 1000030064, 1000030064, 1000030064, N'c59c9e53-207e-45fd-a439-78bc89a3ab06', CAST(0x0000A4A7010A46CC AS DateTime), NULL, 200)
INSERT [dbo].[tAccounts] ([AccountPK], [AccountID], [CXEId], [CXNId], [CustomerPK], [DTServerCreate], [DTServerLastModified], [ProviderId]) VALUES (N'47454b2a-266c-4394-9ca9-4f1358e2b6da', 1000000003, 1000000003, 1000000003, N'9bea889c-5dd1-414d-8e9e-01469485bb1d', CAST(0x0000A4660119F478 AS DateTime), NULL, 1)
INSERT [dbo].[tAccounts] ([AccountPK], [AccountID], [CXEId], [CXNId], [CustomerPK], [DTServerCreate], [DTServerLastModified], [ProviderId]) VALUES (N'669fa2ba-4f6f-4de8-b6c5-c0133d8447f5', 1000020053, 1000020053, 1000000001, N'c59c9e53-207e-45fd-a439-78bc89a3ab06', CAST(0x0000A483012D2048 AS DateTime), NULL, 301)

INSERT [dbo].[tAccounts] ([AccountPK], [AccountID], [CXEId], [CXNId], [CustomerPK], [DTServerCreate], [DTServerLastModified], [ProviderId]) VALUES (N'902bacd5-2d3f-4f41-893b-f291220cb815', 1000000000000180, 1000000000000180, 2000000006, N'c59c9e53-207e-45fd-a439-78bc89a3ab06', CAST(0x0000A46B0049E210 AS DateTime), NULL, 600)
INSERT [dbo].[tAccounts] ([AccountPK], [AccountID], [CXEId], [CXNId], [CustomerPK], [DTServerCreate], [DTServerLastModified], [ProviderId]) VALUES (N'f2c188c9-b0bd-4db2-bb68-29d53b73f808', 1000000000000030, 1000000000000030, 2000000003, N'9bea889c-5dd1-414d-8e9e-01469485bb1d', CAST(0x0000A46B003A3DC4 AS DateTime), NULL, 600)

INSERT [dbo].[tAccounts] ([AccountPK], [AccountID], [CXEId], [CXNId], [CustomerPK], [DTServerCreate], [DTServerLastModified], [ProviderId]) VALUES (N'c5c9be08-5daf-49af-b5a4-f23ead2070f6', 1000000018, 1000000018, 1000000018, N'7a33579c-702c-43fd-a64b-a0918750883f', CAST(0x0000A46800F063D8 AS DateTime), NULL, 1)

INSERT [dbo].[tAccounts] ([AccountPK], [AccountID], [CXEId], [CXNId], [CustomerPK], [DTServerCreate], [DTServerLastModified], [ProviderId]) VALUES (N'1a5edabc-b228-4c34-a768-6d7835ce627e', 1000000006, 1000000006, 1000000006, N'e8869d5b-5cf7-4c06-97e4-c10ad83f7ffd', CAST(0x0000A46601204CB0 AS DateTime), NULL, 1)

INSERT [dbo].[tAccounts] ([AccountPK], [AccountID], [CXEId], [CXNId], [CustomerPK], [DTServerCreate], [DTServerLastModified], [ProviderId]) VALUES (N'5f04ccce-aa8c-4c9e-a4d7-8a08c5d83410', 1000000023, 1000000023, 1000000000, N'7a33579c-702c-43fd-a64b-a0918750883f', CAST(0x0000A468010DF2A4 AS DateTime), NULL, 103)

INSERT [dbo].[tAccounts] ([AccountPK], [AccountID], [CXEId], [CXNId], [CustomerPK], [DTServerCreate], [DTServerLastModified], [ProviderId]) VALUES (N'd42818a0-d21f-4cdb-8a3e-a34b40c233fe', 1000000000000160, 1000000000000160, 2000000003, N'7a33579c-702c-43fd-a64b-a0918750883f', CAST(0x0000A46800F071E8 AS DateTime), NULL, 602)

INSERT [dbo].[tAccounts] ([AccountPK], [AccountID], [CXEId], [CXNId], [CustomerPK], [DTServerCreate], [DTServerLastModified], [ProviderId]) VALUES (N'8a11be5d-8be1-4221-81dd-ac9dd75de3b2', 1000000000000060, 1000000000000060, 2000000002, N'e8869d5b-5cf7-4c06-97e4-c10ad83f7ffd', CAST(0x0000A46601205994 AS DateTime), NULL, 602)
INSERT [dbo].[tAccounts] ([AccountPK], [AccountID], [CXEId], [CXNId], [CustomerPK], [DTServerCreate], [DTServerLastModified], [ProviderId]) VALUES (N'2f8a95bd-80ce-4d93-b281-be84a2e2e93d', 1000000024, 1000000024, 1000000001, N'e8869d5b-5cf7-4c06-97e4-c10ad83f7ffd', CAST(0x0000A468010EDAAC AS DateTime), NULL, 103)


INSERT [dbo].[tProspects] ([ProspectPK], [PAN], [FirstName], [MiddleName], [LastName], [LastName2], [MothersMaidenName], [DOB], [Address1], [Address2], [City], [State], [ZipCode], [Phone1], [Phone1Type], [Phone1Provider], [Phone2], [Phone2Type], [Phone2Provider], [SSN], [TaxpayerId], [DoNotCall], [SMSEnabled], [MarketingSMSEnabled], [DTServerCreate], [DTServerLastModified], [Gender], [Email], [IsAccountHolder], [ReferralCode], [PIN], [IsMailingAddressDifferent], [MailingAddress1], [MailingAddress2], [MailingCity], [MailingState], [MailingZipCode], [ChannelPartnerPK], [ReceiptLanguage], [ProfileStatus], [BankId], [CountryOfBirth], [Notes], [ClientID], [LegalCode], [PrimaryCountryCitizenShip], [SecondaryCountryCitizenShip], [DTTerminalCreate], [DTTerminalLastModified]) VALUES (N'cea003ce-f590-4f0c-847a-0ef080385105', 1000000000000180, N'JULIA', N'', N'GRACE', N'', N'SOPHIA', CAST(0x0000722300000000 AS DateTime), N'3215 MERRYFIELD ROW', N'', N'SAN DIEGO', N'CA', N'92121', N'9789515462', N'Cell', N'Sprint', N'', N'', N'', N'953587845', NULL, 0, 0, 0, CAST(0x0000A46B00494508 AS DateTime), CAST(0x0000A483013505C4 AS DateTime), N'', N'', 0, N'', NULL, 0, N'3215 MERRYFIELD ROW', N'', N'SAN DIEGO', N'CA', N'92121', N'ec6aaae3-2ba7-4e0b-898e-d296db432c17', NULL, 1, NULL, N'US', N'', N'00000318894', N' ', N'', N'', CAST(0x0000A483012D2048 AS DateTime), NULL)
INSERT [dbo].[tProspects] ([ProspectPK], [PAN], [FirstName], [MiddleName], [LastName], [LastName2], [MothersMaidenName], [DOB], [Address1], [Address2], [City], [State], [ZipCode], [Phone1], [Phone1Type], [Phone1Provider], [Phone2], [Phone2Type], [Phone2Provider], [SSN], [TaxpayerId], [DoNotCall], [SMSEnabled], [MarketingSMSEnabled], [DTServerCreate], [DTServerLastModified], [Gender], [Email], [IsAccountHolder], [ReferralCode], [PIN], [IsMailingAddressDifferent], [MailingAddress1], [MailingAddress2], [MailingCity], [MailingState], [MailingZipCode], [ChannelPartnerPK], [ReceiptLanguage], [ProfileStatus], [BankId], [CountryOfBirth], [Notes], [ClientID], [LegalCode], [PrimaryCountryCitizenShip], [SecondaryCountryCitizenShip], [DTTerminalCreate], [DTTerminalLastModified]) VALUES (N'1eef9f77-b308-4c3f-8151-c4e17ec2b75f', 1000000000000030, N'CARL', N'', N'LEWIS', N'', N'JUILET', CAST(0x0000724300000000 AS DateTime), N'3347 MICHELSON DR., STE 100', N'', N'CALIFORNIA', N'CA', N'95201', N'9876543456', N'Home', N'', N'', N'', N'', N'976567876', NULL, 0, 0, 0, CAST(0x0000A46601199910 AS DateTime), CAST(0x0000A46B003A9B84 AS DateTime), N'MALE', N'', 0, N'', NULL, 0, N'3347 MICHELSON DR., STE 100', N'', N'CALIFORNIA', N'CA', N'95201', N'ec6aaae3-2ba7-4e0b-898e-d296db432c17', NULL, 1, NULL, N'US', N'', N'00000318890', N' ', N'', N'', CAST(0x0000A483012D2048 AS DateTime), NULL)
INSERT [dbo].[tProspects] ([ProspectPK], [PAN], [FirstName], [MiddleName], [LastName], [LastName2], [MothersMaidenName], [DOB], [Address1], [Address2], [City], [State], [ZipCode], [Phone1], [Phone1Type], [Phone1Provider], [Phone2], [Phone2Type], [Phone2Provider], [SSN], [TaxpayerId], [DoNotCall], [SMSEnabled], [MarketingSMSEnabled], [DTServerCreate], [DTServerLastModified], [Gender], [Email], [IsAccountHolder], [ReferralCode], [PIN], [IsMailingAddressDifferent], [MailingAddress1], [MailingAddress2], [MailingCity], [MailingState], [MailingZipCode], [ChannelPartnerPK], [ReceiptLanguage], [ProfileStatus], [BankId], [CountryOfBirth], [Notes], [ClientID], [LegalCode], [PrimaryCountryCitizenShip], [SecondaryCountryCitizenShip], [DTTerminalCreate], [DTTerminalLastModified]) VALUES (N'4de60dc1-04c9-4b4f-886e-2d8d3aeca741', 1000000000000060, N'MICHAEL', N'', N'SCOTT', N'', N'SEINA', CAST(0x000081C100000000 AS DateTime), N'1657 RIVERSIDE DRIVE', N'', N'FRESNO', N'CA', N'12616', N'9876545678', N'Home', N'', N'', N'', N'', N'765434567', NULL, 0, 0, 0, CAST(0x0000A466011FC13C AS DateTime), CAST(0x0000A46601205994 AS DateTime), N'MALE', N'', 0, N'', NULL, 0, N'1657 RIVERSIDE DRIVE', N'', N'FRESNO', N'CA', N'12616', N'6d7e785f-7bdd-42c8-bc49-44536a1885fc', NULL, 1, NULL, N'US', NULL, N'', N'U', N'US', N'', CAST(0x0000A483012D2048 AS DateTime), NULL)
INSERT [dbo].[tProspects] ([ProspectPK], [PAN], [FirstName], [MiddleName], [LastName], [LastName2], [MothersMaidenName], [DOB], [Address1], [Address2], [City], [State], [ZipCode], [Phone1], [Phone1Type], [Phone1Provider], [Phone2], [Phone2Type], [Phone2Provider], [SSN], [TaxpayerId], [DoNotCall], [SMSEnabled], [MarketingSMSEnabled], [DTServerCreate], [DTServerLastModified], [Gender], [Email], [IsAccountHolder], [ReferralCode], [PIN], [IsMailingAddressDifferent], [MailingAddress1], [MailingAddress2], [MailingCity], [MailingState], [MailingZipCode], [ChannelPartnerPK], [ReceiptLanguage], [ProfileStatus], [BankId], [CountryOfBirth], [Notes], [ClientID], [LegalCode], [PrimaryCountryCitizenShip], [SecondaryCountryCitizenShip], [DTTerminalCreate], [DTTerminalLastModified]) VALUES (N'7854d6e4-8543-49a6-a51f-1859b2c57a6f', 1000000000000160, N'AIDEN', N'NOAH', N'JOSHUA', N'', N'KANATH', CAST(0x0000830F00000000 AS DateTime), N'200 WEST ARBOR DRIVE', N'', N'SAN DIEGO', N'CA', N'92103', N'6995876544', N'Home', N'', N'', N'', N'', N'876545678', NULL, 0, 0, 0, CAST(0x0000A46800EFC0F4 AS DateTime), CAST(0x0000A46800F071E8 AS DateTime), N'MALE', N'', 0, N'', NULL, 0, N'200 WEST ARBOR DRIVE', N'', N'SAN DIEGO', N'CA', N'92103', N'6d7e785f-7bdd-42c8-bc49-44536a1885fc', NULL, 1, NULL, N'US', NULL, N'', N'U', N'US', N'', CAST(0x0000A483012D2048 AS DateTime), NULL)

INSERT [dbo].[tProspectEmploymentDetails] ([ProspectPK], [PAN], [Occupation], [Employer], [EmployerPhone], [DTServerCreate], [DTServerLastModified], [OccupationDescription], [DTTerminalCreate], [DTTerminalLastModified]) VALUES (N'cea003ce-f590-4f0c-847a-0ef080385105', NULL, N'', N'', N'', CAST(0x0000A46B004943DC AS DateTime), NULL, N'', CAST(0x0000A483012D2048 AS DateTime), NULL)
INSERT [dbo].[tProspectEmploymentDetails] ([ProspectPK], [PAN], [Occupation], [Employer], [EmployerPhone], [DTServerCreate], [DTServerLastModified], [OccupationDescription], [DTTerminalCreate], [DTTerminalLastModified]) VALUES (N'1eef9f77-b308-4c3f-8151-c4e17ec2b75f', NULL, N'', N'', N'', CAST(0x0000A46601199910 AS DateTime), NULL, N'', CAST(0x0000A483012D2048 AS DateTime), NULL)
INSERT [dbo].[tProspectEmploymentDetails] ([ProspectPK], [PAN], [Occupation], [Employer], [EmployerPhone], [DTServerCreate], [DTServerLastModified], [OccupationDescription], [DTTerminalCreate], [DTTerminalLastModified]) VALUES (N'7854d6e4-8543-49a6-a51f-1859b2c57a6f', NULL, N'17', N'', N'', CAST(0x0000A46800EFC0F4 AS DateTime), NULL, N'', CAST(0x0000A483012D2048 AS DateTime), NULL)
INSERT [dbo].[tProspectEmploymentDetails] ([ProspectPK], [PAN], [Occupation], [Employer], [EmployerPhone], [DTServerCreate], [DTServerLastModified], [OccupationDescription], [DTTerminalCreate], [DTTerminalLastModified]) VALUES (N'4de60dc1-04c9-4b4f-886e-2d8d3aeca741', NULL, N'28', N'', N'', CAST(0x0000A466011FC13C AS DateTime), NULL, N'', CAST(0x0000A483012D2048 AS DateTime), NULL)

DECLARE @NexxoIdType1 UNIQUEIDENTIFIER;
DECLARE @NexxoIdType2 UNIQUEIDENTIFIER;
SET @NexxoIdType1 = (SELECT NexxoIdTypePK  FROM [dbo].[tNexxoIdTypes] WHERE STATE = 'CALIFORNIA' AND NAME ='DRIVER''S LICENSE' AND COUNTRY ='UNITED STATES')
SET @NexxoIdType2 = (SELECT NexxoIdTypePK  FROM [dbo].[tNexxoIdTypes] WHERE STATE = 'GEORGIA' AND NAME ='DRIVER''S LICENSE' AND COUNTRY ='UNITED STATES')
--SELECT @NexxoIdType1
--SELECT @NexxoIdType2

INSERT [dbo].[tProspectGovernmentIdDetails] ([ProspectPK], [PAN], [Identification], [ExpirationDate], [DTServerCreate], [DTServerLastModified], [NexxoIdTypePK], [IssueDate], [DTTerminalCreate], [DTTerminalLastModified]) VALUES (N'cea003ce-f590-4f0c-847a-0ef080385105', NULL, N'K3210986', CAST(0x0000B2D400000000 AS DateTime), CAST(0x0000A46B0049BEE8 AS DateTime), CAST(0x0000A483013505C4 AS DateTime), @NexxoIdType1, CAST(0x0000A3C000000000 AS DateTime), CAST(0x0000A483012D2048 AS DateTime), NULL)
INSERT [dbo].[tProspectGovernmentIdDetails] ([ProspectPK], [PAN], [Identification], [ExpirationDate], [DTServerCreate], [DTServerLastModified], [NexxoIdTypePK], [IssueDate], [DTTerminalCreate], [DTTerminalLastModified]) VALUES (N'1eef9f77-b308-4c3f-8151-c4e17ec2b75f', NULL, N'K3210984', CAST(0x0000AB5500000000 AS DateTime), CAST(0x0000A4660119DE34 AS DateTime), CAST(0x0000A4660119E410 AS DateTime), @NexxoIdType1, CAST(0x0000A15900000000 AS DateTime), CAST(0x0000A483012D2048 AS DateTime), NULL)
INSERT [dbo].[tProspectGovernmentIdDetails] ([ProspectPK], [PAN], [Identification], [ExpirationDate], [DTServerCreate], [DTServerLastModified], [NexxoIdTypePK], [IssueDate], [DTTerminalCreate], [DTTerminalLastModified]) VALUES (N'7854d6e4-8543-49a6-a51f-1859b2c57a6f', NULL, N'K3210987', CAST(0x0000AC5000000000 AS DateTime), CAST(0x0000A46800F04D94 AS DateTime), CAST(0x0000A46800F063D8 AS DateTime), @NexxoIdType1, CAST(0x0000A3C000000000 AS DateTime), CAST(0x0000A483012D2048 AS DateTime), NULL)
INSERT [dbo].[tProspectGovernmentIdDetails] ([ProspectPK], [PAN], [Identification], [ExpirationDate], [DTServerCreate], [DTServerLastModified], [NexxoIdTypePK], [IssueDate], [DTTerminalCreate], [DTTerminalLastModified]) VALUES (N'4de60dc1-04c9-4b4f-886e-2d8d3aeca741', NULL, N'K3219886', CAST(0x0000B33300000000 AS DateTime), CAST(0x0000A46601203414 AS DateTime), CAST(0x0000A46601204A58 AS DateTime), @NexxoIdType1, CAST(0x0000A36100000000 AS DateTime), CAST(0x0000A483012D2048 AS DateTime), NULL)

